{
    "effectSoundVolume": 0.06667773425579071,
    "bgmSoundVolume": 0.04910322651267052,
    "isTutorial": true
}